"Player","ID","Agent","First_Name_x","team_short","Gender"
"Cervenka Ondrej","8010131","Hrdlicka","Ondřej","Slavia","Male"
"Ullman Ondrej","40057","Hrdlicka","Ondřej","Dukla","Male"
"Coudek Ondrej","4100403","Hrdlicka","Ondřej","Budejovice","Male"
"Lukasek Ondrej","4040758","Chovanec","Ondřej","Motorlet","Male"
"Mihalik Ondrej","97040077","Kolar","Ondřej","Hradec","Male"
"Damasek Ondrej","3070878","Nehoda","Ondřej","Most","Male"
"Kukucka Ondrej","4030748","Paska","Ondřej","Slovacko","Male"
"Sedlacek Ondrej","4060466","Smejkal","Ondřej","Zivanice","Male"
"Podzimek Ondrej","1040336","Pav","Ondřej","Varnsdorf","Male"
"Penxa Ondrej","7030068","Paska","Ondřej","Sparta","Male"
"Chveja Ondrej","98070972","Chovanec","Ondřej","Banik","Male"
"Daniel Cosme ABA OSEE","5021527","Chrysostome","","",""
"Daniel Cosme Ndiaye Ousmane","3041664","Chrysostome","","",""
"Gonzalez Juarez Pablo","93052613","Bartonicek","","",""
"Daniel Cosme Cisse Pape Amath","1031780","Chrysostome","Pape","Sparta","Unknown"
"Slanina Patrick","5060084","Paska","Patrick","Loko Praha","Male"
"Siegl Patrik","7100195","Nehoda","Patrik","Olomouc","Male"
"Cavos Patrik","95010398","Krob","Patrik","Karvina","Male"
"Marek Patrik","6090009","Levy","Patrik","Boleslav","Male"
"Horvath Patrik","8010283","Chyba","Patrik","Slavia","Male"
"Goj Patrik","2070260","Fukan","Patrik","Rosice","Male"
"Vydra Patrik","3060577","Kisel","Patrik","Boleslav","Male"
"Filippov Patrik","7090113","Levy","Patrik","Slavia","Male"
"Svestka Patrik","2090003","Hrdlicka","Patrik","Pribram","Male"
"Pribylka Patrik","7010213","Muller","","",""
"Zitny Patrik","99011006","Hrdlicka","Patrik","Boleslav","Male"
"Mekota Patrik","4030432","Nehoda","Patrik","Banik","Male"
"Schick Patrik","96011352","Paska","","",""
"Lakomy Patrik","8030287","Hrdlicka","Patrik","SUMPERK","Male"
"Nedved Patrik","7110232","Hrdlicka","Patrik","Pardubice","Male"
"Tlacbaba Patrik","8090384","Paska","Patrik","Mladeze","Male"
"Kubu Patrik","8080643","Paska","Patrik","Slavia","Male"
"Skohoutil Patrik","4110451","Rehak","Patrik","MFK CHRUDIM B","Male"
"Hasek Pavel","5010299","Nehoda","Pavel","Plzen","Male"
"Sulc Pavel","121062","Nehoda","Pavel","Plzen","Male"
"Bucha Pavel","98030542","Kolar","","",""
"Juroska Pavel","1070257","Konig","Pavel","Slovacko","Male"
"Moulis Pavel","91040521","Smejkal","Pavel","Dukla","Male"
"Kuzebouch Pavel","9030156","Chyba","Pavel","Plzen","Male"
"Osmancik Pavel","21216","Krob","Pavel","Budejovice","Male"
"Kacor Pavel","6090215","Matejek","Pavel","Slavia","Male"
"Juritka Peter","4071705","Riha","","",""
"Odiase Peter Odigie","7120773","Hrdlicka","","",""
"Kareem Peter Oluwajuwonlo","3081722","Smejkal","Peter","Vlasim","Male"
"Julis Petr","3040534","Kolar","Petr","Hradec","Male"
"Streska Petr","8020256","Nehoda","Petr","Sparta","Male"
"Sevcik Petr","94050202","Kolar","Petr","Slavia","Male"
"Jaron Petr","1081196","Matejek","Petr","Banik","Male"
"Hodous Petr","3120457","Muller","Petr","Sparta","Male"
"Krejza Petr","7011090","Nehoda","Petr","Budejovice","Male"
"Plachy Petr","98011336","Nehoda","Petr","Taborsko","Male"
"Kubin Petr","6010010","Zika","","",""
"Zika Petr","6070270","Zika","Petr","Budejovice","Male"
"Kuchar Petr","8020092","Nehoda","Petr","Banik","Male"
"Masek Petr","9090938","Nehoda","Petr","Plzen","Male"
"Kaulfus Petr","8050189","Hrdlicka","Petr","Boleslav","Male"
"Potmesil Petr","8010482","Hrdlicka","Petr","Slavia","Male"
"Sokol Petr","6010289","Smejkal","","",""
"Kodes Petr","96011768","Hrdlicka","Petr","Hradec","Male"
"Meindlschmid Petr","6010148","Konig","","",""
"Kovar Petr","7020565","Riha","Petr","Unicov","Male"
"Daniel Cosme Bahi Pregnon Ange Clarck","5061885","Chrysostome","","",""
"Ondrousek Radek","8060185","Smejkal","Radek","Sparta","Male"
"Siler Radek","4090149","Krob","Radek","Sparta","Male"
"Ligac Radek","5050642","Smejkal","Radek","Hlubina","Male"
"Vavrik Radek","5070581","Rehak","Radek","Frydek","Male"
"Hlavaty Radek","9020100","Vrto","Radek","Banik","Male"
"Vitek Radek","9020264","Zika","","",""
"Buchner Radek","7010039","Nehoda","Radek","Plzen","Male"
"Vitek Radek","3100605","Kolar","","",""
"Ovesny Radek","4070287","Nehoda","Radek","Zlin","Male"
"Hamalcik Radim","4120201","Hrdlicka","Radim","Zlin","Male"
"Cernicky Radim","1020723","Hrdlicka","Radim","FK SLOVAN HRADEK NAD","Male"
"Hlouchova Radka","4010734","Muller","","",""
"Jakubu Radka","6020095","Barton","","",""
"Nemcik Rene","6110263","Rehak","René","Opava","Male"
"Sedlacek Richard","99061081","Kolar","Richard","Teplice","Male"
"Bily Richard","4050403","Rehak","Richard","Hlubina","Male"
"Kral Richard","9010334","Smejkal","","",""
"Krizan Richard","97091796","Zika","Richard","Budejovice","Male"
"Hruby Robert","94041939","Muller","Robert","Bohemians","Male"
"Aubrecht Robert","3010624","Smejkal","","",""
"Fritz Robert James","6061071","Barton","","",""
"Da Costa Roberto","7020365","Muller","Roberto","LISEN B","Male"
"Hranac Robin","11357","Kisel","Robin","Plzen","Male"
"Rezak Robin","7010157","Rehak","","",""
"Polansky Robin","2050747","Matejek","Robin","Budejovice","Male"
"Zacharias Robin","6080938","Levy","","Liberec","Unknown"
"Daniel Cosme Faye Roger","4091709","Chrysostome","Roger","Pribram","Male"
"Kvet Roman","97120685","Zika","","",""
"Mokrovics Roman","6061321","Riha","Roman","Sparta","Male"
"Holis Roman","98051183","Nehoda","Roman","Dukla","Male"
"Cap Roman","99061312","Pav","Roman","SPARTAK POLICE NAD","Male"
"Cerepkai Roman","2041721","Kisel","Roman","Teplice","Male"
"Zalesak Roman","1010598","Krob","Roman","Varnsdorf","Male"
"Ctvrtlik Roman","7030284","Hrdlicka","","",""
"Horak Roman","5020311","Muller","Roman","Sparta","Male"
"Zeman Martin","8100418","Muller","Martin","Budejovice","Male"
"Uhrovic Martin","8070153","Vrto","Martin","Slovacko","Male"
"Palascak Martin","8030584","Muller","Martin","Slavia","Male"
"Pancir Martin","9020217","Nehoda","Martin","Slavia","Male"
"Vanak Martin","40869","Krob","","",""
"Hala Martin","92031924","Matejek","","",""
"Ambler Martin","70331","Krob","Martin","Dukla","Male"
"Keller Martin","96120527","Barton","Martin","Benatky n. Jizerou","Male"
"Sladek Martin","4070370","Martinovic","Martin","Jihlava","Male"
"Suchomel Martin","2090358","Muller","Martin","Sparta","Male"
"Svoboda Martin","8050503","Paska","Martin","Pardubice","Male"
"Vitik Martin","3010588","Nehoda","Martin","Sparta","Male"
"Temel Martin","3040769","Matejek","Martin","Banik","Male"
"Rolinek Martin","61433","Vrto","Martin","Lisen","Male"
"Kulas Martin","9020040","Hrdlicka","","",""
"Simek Martin","8121666","Nehoda","Martin","Jablonec","Male"
"Kralik Martin","95041921","Kisel","Martin","Boleslav","Male"
"Pospisil Martin","91062111","Paska","Martin","Olomouc","Male"
"Toml Martin","96031404","Zika","Martin","Chrudim","Male"
"Lexa Martin","8050402","Kolar","Martin","Plzen","Male"
"Cedidla Martin","1110727","Kisel","Martin","Pardubice","Male"
"Kudela Martin","3010833","Konig","Martin","Slovacko","Male"
"Reil Martin","6050871","Paska","Martin","Pardubice","Male"
"Janacek Martin","90937","Levy","Martin","Budejovice","Male"
"Franko Matej","1021534","Nehoda","","",""
"Zaplatilek Matej","5060173","Hrdlicka","Matěj","Boleslav","Male"
"Zachoval Matej","5040123","Nehoda","Matěj","Slavia","Male"
"Sin Matej","4060057","Kolar","Matěj","Banik","Male"
"Kovar Matej","50895","Kolar","","",""
"Jurasek Matej","3080867","Rehak","Matěj","Slavia","Male"
"Luksch Matej","98061040","Zika","","",""
"Hacaperka Matej","8040416","Kolar","Matěj","Plzen","Male"
"Hampl Matej","5040001","Hrdlicka","Matěj","Hradec","Male"
"Honomichl Matej","6100230","Paska","Matěj","Plzen","Male"
"Polidar Matej","99120848","Chovanec","Matěj","Pardubice","Male"
"Kulhanek Matej","7030855","Hrdlicka","Matěj","Teplice","Male"
"Vydra Matej","92050004","Chovanec","Matěj","Plzen","Male"
"Kromer Matej","4010168","Pav","Matěj","FK NERATOVICEBYSKOVICE","Male"
"Skorepa Matej","4060609","Muller","Matěj","Kolin","Male"
"Chalus Matej","98020056","Muller","Matěj","Banik","Male"
"Hybs Matej","93010126","Smejkal","Matěj","Bohemians","Male"
"Musil Matej","4110169","Nehoda","Matěj","Hradec","Male"
"Kvacek Matej","7050428","Kolar","Matěj","Pardubice","Male"
"Pulkrab Matej","97051329","Paska","Matěj","Boleslav","Male"
"Kodes Matej","7040655","Hrdlicka","Matěj","Teplice","Male"
"Koubek Matej","10422","Nehoda","Matěj","Hradec","Male"
"Liska Matej","9020016","Hrdlicka","Matěj","Plzen","Male"
"Naprstek Matej","3070857","Neuschl","Matěj","Hradec","Male"
"Kadlec Matej","2040130","Zika","Matěj","Bohemians","Male"
"Radosta Matej","1050413","Krob","Matěj","Teplice","Male"
"Teterya Roman","6010510","Muller","Roman","Boleslav","Male"
"Gorip Rotgak Inuwa","5111557","Simek","Rotgak","Kromeriz","Unknown"
"Ferlay Ruben","8010264","Hrdlicka","Ruben","Zbrojovka","Male"
"Kam Sami Fabrice Badra","4071697","Simek","Sami","Zlinsko","Male"
"Daniel Cosme Maria Samsidine","4121605","Chrysostome","","",""
"Olayiwola Samson Oni","5091853","Simek","","Slovacko","Unknown"
"Grygar Samuel","4080191","Matejek","Samuel","Banik","Male"
"Orsag Samuel","1061723","Hrdlicka","","",""
"Pikolon Samuel","6030374","Paska","Samuel","Slavia","Male"
"Dancak Samuel","98031773","Neuschl","Samuel","Hradec","Male"
"Houdek Samuel","5010159","Nehoda","Samuel","Domazlice","Male"
"Kliestik Samuel","7120121","Nehoda","","Boleslav","Unknown"
"Chytil Samuel","8020023","Hrdlicka","Samuel","Olomouc","Male"
"Raban Samuel","8040429","Paska","Samuel","Sparta","Male"
"Zoicas Samuel","4040594","Hrdlicka","","",""
"Sigut Samuel","2100976","Kisel","Samuel","Budejovice","Male"
"Kulig Samuel","1060772","Kisel","Samuel","Hlucin","Male"
"Pejsa Sebastian","4110204","Kisel","Sebastian","Opava","Male"
"Seba Sebastian","3050478","Kisel","Sebastian","VRATIMOV","Male"
"Bartosic Sebastian","8040003","Matejek","Sebastian","Slavia","Male"
"Bohac Sebastian","2071016","Chyba","Sebastian","Karvina","Male"
"Divis Sebastian","5020344","Nehoda","Sebastian","FK NERATOVICEBYSKOVICE","Male"
"Daniel Cosme Doumbia Sekou Vini","5041763","Chrysostome","","",""
"Kim Seung Bin","121438","Kolar","Bin","Slovacko","Unknown"
"Wexler Shaked","3061666","Rehak","","",""
"Pavlo Simon","7070136","Hrdlicka","Simon","Sparta","Male"
"Studeny Simon","4030868","Matejek","Simon","Zlinsko","Male"
"Baros Simon","9010412","Paska","Simon","Banik","Male"
"Omale Solomon","1011686","Kisel","Solomon","Opava","Male"
"Charles Stanley Chukwudi","3051658","Simek","Stanley","Zlinsko","Male"
"Vilotic Stefan","99101496","Martinovic","","",""
"Emanuel Stephen Abah","6011642","Smejkal","Stephen","Jablonec","Male"
"Krejci Simon","4020838","Bartonicek","Šimon","Dukla","Male"
"Tesar Simon","6060212","Paska","Šimon","Loko Praha","Male"
"Vynikal Simon","9050349","Hrdlicka","Šimon","Boleslav","Male"
"Vlna Simon","7041872","Vrto","","",""
"Jalovicor Simon","5080510","Zika","Šimon","Olomouc","Male"
"Polasek Simon","4060835","Kisel","Šimon","Zlin","Male"
"Wolfl Simon","7020704","Paska","Šimon","Budejovice","Male"
"Tvrdy Simon","4030488","Hrdlicka","Šimon","Chlumec n. Cidlinou","Male"
"Sloncik Simon","7050012","Paska","Šimon","Slavia","Male"
"Simecek Simon","6030510","Simek","Šimon","Karvina","Male"
"Planeta Simon","3120083","Nehoda","Šimon","Plzen","Male"
"Gabris Simon","2060464","Levy","Šimon","Kromeriz","Male"
"Gabriel Simon","1051155","Paska","","",""
"Becva Stepan","6110437","Rehak","Štěpán","Zbrojovka","Male"
"Pineau Stepan","2020096","Rehak","Štěpán","Pisek","Male"
"Nechvatal Matyas","7010069","Smejkal","Matyáš","Bohemians","Male"
"Vagner Matyas","3020126","Paska","Matyáš","Hradec","Male"
"Jarkovsky Max","3030415","Rehak","Max","Zivanice","Male"
"Obuch Maxim","4100163","Zika","Maxim","Frydek","Male"
"Kotisek Maxim","8040802","Kolar","Maxim","Sparta","Male"
"Kalabus Maxim","7090617","Bartonicek","Maxim","Slavia","Male"
"Lehocky Maxmilian","3091146","Nehoda","","",""
"Doski Merchas","99121611","Konig","Merchas","Slovacko","Male"
"Malek Metodej","3010763","Nehoda","Metoděj","FK ADMIRA PRAHA B","Male"
"Van Buren Mick","92082444","Muller","","",""
"Orlov Mihhail","4061715","Smejkal","","",""
"Gergela Michael","2090700","Matejek","Michael","Banik","Male"
"Krmencik Michael","93031246","Smejkal","Michael","Slovacko","Male"
"Honig Michael","10610","Krob","Michael","Zizkov","Male"
"Ouly Michael Ange Boris","6071876","Bartonicek","","",""
"Tomic Michal","99031798","Konig","Michal","Slavia","Male"
"Smutny Michal","5120623","Paska","Michal","Jihlava","Male"
"Rucka Michal","9040576","Vrto","Michal","Banik","Male"
"Skokan Michal","9030015","Nehoda","Michal","Pardubice","Male"
"Hlavaty Michal","98060901","Konig","Michal","Liberec","Male"
"Sacek Michal","96090982","Riha","","",""
"Trnovec Michal","4090451","Rehak","","",""
"Sevcik Michal","2080403","Paska","","",""
"Surzyn Michal","97090471","Muller","Michal","Pardubice","Male"
"Reichl Michal","92091050","Matejek","Michal","Bohemians","Male"
"Galus Michal","120265","Hrdlicka","Michal","Zlinsko","Male"
"Snizek Michal","2040593","Rehak","Michal","Kolin","Male"
"Kohut Michal","60133","Kolar","Michal","Slovacko","Male"
"Hosek Michal","1040965","Muller","Michal","Jihlava","Male"
"Skoda Michal","88030967","Muller","","",""
"Malek Michal","5070697","Zika","Michal","Banik","Male"
"Zapletal Michal","98071618","Fukan","Michal","Prostejov","Male"
"Beran Michal","81011","Riha","Michal","Pardubice","Male"
"Sadilek Michal","99051534","Nehoda","","",""
"Fukala Michal","100911","Chyba","Michal","Banik","Male"
"Cahel Mikes","4050261","Bartonicek","Mikeš","Olomouc","Unknown"
"Konecny Mikulas","6060090","Muller","Mikuláš","Slavia","Male"
"Havel Milan","94080405","Zika","Milan","Plzen","Male"
"Lexa Milan","4080453","Riha","Milan","Varnsdorf","Male"
"Pisko Milan","96030281","Barton","Milan","Vyskov","Male"
"Kruta Milan","3100502","Konig","Milan","Petrin Plzen","Male"
"Knobloch Milan","92081739","Zika","Milan","Karvina","Male"
"Govaers Milan","4031590","Riha","","",""
"Jerabek Miloslav","7050134","Hrdlicka","Miloslav","Zlin","Male"
"Pudil Milos","5040080","Smejkal","Miloš","Vlasim","Male"
"Kratochvil Milos","96041472","Neuschl","","",""
"Starek Josef","4020615","Barton","Josef","Loko Praha","Male"
"Zdrahal Josef","9060110","Chyba","Josef","Zbrojovka","Male"
"Tares Josef","7020028","Paska","Josef","Pardubice","Male"
"Blatny Josef","5010261","Matejek","Josef","OPAVA B","Male"
"Hruska Josef","8060745","Nehoda","Josef","Banik","Male"
"Port Josef","7010139","Krob","","",""
"Kozeluh Josef","2020591","Kolar","Josef","Liberec","Male"
"Kolarik Josef","7010427","Paska","Josef","Slavia","Male"
"Freislerova Julie","5070692","Barton","","",""
"Chvatal Juraj","96071947","Kisel","Juraj","Olomouc","Male"
"Jonathan Justice Sylvester","5071900","Simek","Justice","HAVIROV","Unknown"
"Daniel Cosme Mara Kamso","94121769","Chrysostome","","",""
"Rozanek Karel","5030304","Nehoda","","",""
"Michlik Karel","4090203","Zika","Karel","Frydek","Male"
"Kloud Karel","7060291","Nehoda","Karel","Budejovice","Male"
"Belzik Karel","7100232","Paska","Karel","Slavia","Male"
"Spacil Karel","3050516","Matejek","Karel","Hradec","Male"
"Krivska Karolina","97030989","Nehoda","","",""
"Vithova Katerina","6030815","Barton","","",""
"Ikugar Kenneth Tig  Ishor","101593","Zika","-","Olomouc","Unknown"
"Ogboi Kenny","5010544","Muller","Kenny","Liberec","Male"
"Huna Kevin","5040329","Neuschl","Kevin","Olomouc","Male"
"Duchackova Klara","4050633","Kolar","","",""
"Michal Kristian","111023","Riha","Kristian","Liberec","Male"
"Zelina Kristian","6030548","Konig","Kristián","Slovacko","Male"
"Kosikova Kristina","93121967","Nehoda","","",""
"Rajsnerova Kristyna","9020136","Barton","","",""
"Lichtenberg Krystof","2110892","Kolar","Kryštof","Varnsdorf","Male"
"Albrecht Krystof","8120032","Levy","Kryštof","Boleslav","Male"
"Pancev Krystof","5120174","Zika","Kryštof","Dukla","Male"
"Cizek Krystof","8010054","Kolar","","",""
"Winter Krystof","6020260","Smejkal","Kryštof","Boleslav","Male"
"Horniak Krystof","7060412","Zika","Kryštof","REPISTE","Male"
"Kostelny Krystof","8021004","Krob","Kryštof","Zbrojovka","Male"
"Skacel Krystof","8010448","Hrdlicka","Kryštof","Olomouc","Male"
"Danek Krystof","3010126","Kolar","Kryštof","Sparta","Male"
"Krobot Ladislav","1040002","Nehoda","Ladislav","Pardubice","Male"
"Takacs Ladislav","96070839","Hrdlicka","Ladislav","Teplice","Male"
"Dufek Ladislav","2120627","Neuschl","Ladislav","Pardubice","Male"
"Daniel Cosme Ngom Lamine Dieye","3051665","Chrysostome","","",""
"Elad Liad Moshe","91682","Rehak","","",""
"Bastl Libor","3120485","Hrdlicka","Libor","Budejovice","Male"
"Holik Libor","98050587","Neuschl","","",""
"Kubr Lucas","4021586","Zika","Lucas","Zbrojovka","Male"
"Kroupova Lucie","7030019","Kolar","","",""
"Bendova Lucie","5040763","Kolar","","",""
"Ezeh Lucky","4011619","Simek","Lucky","Karvina","Unknown"
"Pernica Ludek","90061176","Barton","Luděk","Zbrojovka","Male"
"Arroyo Cabeza Luis Aldair","96041837","Bartonicek","","",""
"Kulenovic Luka","99091793","Bartonicek","","",""
"Saal Lukas","6020486","Kolar","Lukas","Sparta","Male"
"Hulka Lukas","95031927","Kolar","Lukáš","Bohemians","Male"
"Linhart Lukas","8030176","Hrdlicka","Lukáš","Plzen","Male"
"Neufus Lukas","8100268","Levy","Lukáš","Boleslav","Male"
"Soukup Lukas","95010334","Rehak","","",""
"Provod Lukas","96101114","Hrdlicka","Lukáš","Slavia","Male"
"Julis Lukas","94120066","Riha","Lukáš","Olomouc","Male"
"Horalek Lukas","4080558","Hrdlicka","","",""
"Forster Lukas","8070207","Nehoda","Lukáš","Pardubice","Male"
"Matejka Lukas","97120842","Smejkal","Lukáš","Dukla","Male"
"Buchvaldek Lukas","96011704","Konig","Lukáš","Zlin","Male"
"Novotny Lukas","6060296","Vrto","Lukáš","Slovacko","Male"
"Penxa Lukas","4060139","Nehoda","Lukáš","Sparta","Male"
"Moravec Lukas","9060166","Hrdlicka","Lukáš","Mladeze","Male"
"Masek Lukas","4050208","Kolar","Lukáš","Boleslav","Male"
"Zlatkovsky Lukas","7020499","Vrto","Lukáš","Slovacko","Male"
"Cerv Lukas","1040392","Muller","Lukáš","Plzen","Male"
"Bolik Lukas","8040736","Smejkal","Lukáš","Opava","Male"
"Soused Lukas","10030276","Paska","","",""
"Vrastil Lukas","94030712","Muller","Lukáš","Olomouc","Male"
"Fila Lukas","4010138","Paska","Lukáš","Boleslav","Male"
"Kohout Lukas","7050305","Muller","Lukáš","Chrudim","Male"
"Kostka Lukas","7070851","Smejkal","Lukáš","Jablonec","Male"
"Franc Lukas","8060616","Chyba","Lukáš","Sparta","Male"
"Sadilek Lukas","96051314","Chyba","Lukáš","Sparta","Male"
"Endl Lukas","3060478","Kolar","Lukáš","Karvina","Male"
"Raab Lukas","10235","Vrto","Lukáš","Zlinsko","Male"
"Vana Lukas","5010166","Kisel","Lukáš","Teplice","Male"
"Vana Lukas","3050429","Paska","Lukáš","Sparta","Male"
"Svatos Lukas","8060489","Hrdlicka","Lukáš","Pardubice","Male"
"Bernatik Lukas","8010878","Kolar","Lukáš","Slovacko","Male"
"Vanek Lukas","8010612","Hrdlicka","Lukáš","Hradec","Male"
"Moudry Lukas","7010160","Muller","Lukáš","Sparta","Male"
"Kos Lukas","4110291","Chovanec","Lukáš","Rosice","Male"
"Lidak Lukas","8040117","Hrdlicka","Lukáš","Olomouc","Male"
"Hrdlicka Lukas","1040085","Konig","Lukáš","Prostejov","Male"
"Masopust Lukas","93020860","Paska","Lukáš","Slavia","Male"
"Rajtmajer Lukas","4030404","Hrdlicka","Lukáš","Pisek","Male"
"Havel Lukas","96060307","Kisel","Lukáš","Teplice","Male"
"Matusinsky Lukas","7051253","Nehoda","Lukáš","Opava","Male"
"Brezina Lukas","1030799","Pav","","",""
"Hason Lukas","6061070","Fukan","","",""
"Kocka Lukas","4050559","Rehak","Lukáš","Liberec","Male"
"Kalvach Lukas","95071167","Konig","Lukáš","Plzen","Male"
"Synevych Maksym","7011216","Riha","Maksym","Olomouc","Male"
"Spilka Daniel","3060348","Nehoda","Daniel","Vlasim","Male"
"Palenik Daniel","1010982","Chovanec","","",""
"Fila Daniel","2080721","Hrdlicka","Daniel","Slavia","Male"
"Klima Daniel","8060144","Paska","Daniel","Zbrojovka","Male"
"Kutik Daniel","4050292","Hrdlicka","Daniel","Chrudim","Male"
"Rus Daniel","6020642","Kolar","Daniel","Sparta","Male"
"Hais Daniel","3060053","Kolar","Daniel","Hradec","Male"
"Finek Daniel","51291","Pav","Daniel","Chlumec n. Cidlinou","Male"
"Sturma Daniel","7030727","Hrdlicka","Daniel","Budejovice","Male"
"Grecmal Daniel","71454","Hrdlicka","","",""
"Toula Daniel","5020239","Kisel","Daniel","Slavia","Male"
"Honc Daniel","7110927","Hrdlicka","","",""
"Marecek Daniel","98051655","Muller","Daniel","Boleslav","Male"
"Kozma Daniel Karol","95081542","Hrdlicka","Daniel","Dukla","Male"
"Dvoracek David","9050415","Nehoda","David","Pardubice","Male"
"Zima David","110274","Paska","David","Slavia","Male"
"Tkac David","2070219","Kisel","David","Zlin","Male"
"Dostal David","9010024","Hrdlicka","David","Pardubice","Male"
"Hajek David","6060044","Smejkal","David","Hostoun","Male"
"Rehacek David","7070212","Zika","David","Banik","Male"
"Vesely David","9080011","Paska","David","Zlin","Male"
"Ledvinka David","8060457","Zika","David","Dukla","Male"
"Antic David","7060219","Nehoda","","",""
"Bauer David","4050676","Kisel","David","Chrudim","Male"
"Lasek David","8080336","Barton","David","Sparta","Male"
"Puskac David","93051107","Matejek","David","Pardubice","Male"
"Lischka David","97080769","Matejek","David","Banik","Male"
"Hubicka David","7020207","Matejek","David","Slavia","Male"
"Holis David","2060888","Nehoda","","",""
"Jambor David","3010883","Paska","David","Zbrojovka","Male"
"Barcot David","9040223","Paska","David","Slavia","Male"
"Krupicka David","5050444","Zika","David","Banik","Male"
"Broukal David","96030882","Barton","David","Zizkov","Male"
"Simek David","98020717","Chovanec","David","Pardubice","Male"
"Planka David","5070315","Kisel","David","Karvina","Male"
"Satava David","7050540","Nehoda","David","Budejovice","Male"
"Drabek David","6090058","Riha","David","Olomouc","Male"
"Tomas David","5020287","Muller","David","Chomutov","Male"
"Remes David","7020067","Hrdlicka","David","Olomouc","Male"
"Kozel David","1110942","Paska","","",""
"Huf David","99011113","Rehak","David","Pardubice","Male"
"Pech David","2020853","Kolar","David","Dukla","Male"
"Okoromi David","2041739","Simek","David","Slovacko","Male"
"Holoubek David","2060661","Nehoda","David","Vlasim","Male"
"Stoklasek David","2071012","Nehoda","","",""
"Doudera David","98051705","Muller","David","Slavia","Male"
"Moucka David","99110186","Fukan","David","Kromeriz","Male"
"Motycka David","3090252","Rehak","David","Karvina","Male"
"Jurcenko David","4010893","Hrdlicka","David","Hradec","Male"
"Wenke Eduard","9080172","Hrdlicka","","",""
"Daniel Cosme MBODJI EL","4011669","Chrysostome","","",""
"Daniel Cosme Ndiaye El Hadji Latyr","99081824","Chrysostome","Hadji","Zlin","Unknown"
"Pitak Elias","6030345","Zika","Eliáš","Slavia","Male"
"Rama Elmedin","5031721","Martinovic","Elmedin","Slavia","Male"
"Yohanna Emmanuel","3011502","Simek","","",""
"Ayaosi Emmanuel","4101558","Simek","Emmanuel","Karvina","Male"
"Antwi Emmanuel","96051981","Bartonicek","Emmanuel","Pribram","Male"
"Daniel Cosme Tolno Emmanuel","71784","Chrysostome","Emmanuel","Pribram","Male"
"Ogbu Emmanuel Chidubem","5081823","Simek","Emmanuel","Banik","Male"
"Okeh Emmanuel Orji","3121410","Smejkal","","",""
"Aririerisim Emmanuel Uchenna","3121428","Smejkal","","Banik","Unknown"
"Osmani Enes","4020296","Nehoda","Enes","Sparta","Male"
"Chukwuebuka Enyiazu","5121461","Smejkal","","Pardubice","Unknown"
"Hunal Eric","5010279","Nehoda","Eric","Slavia","Male"
"Jirka Erik","97091746","Smejkal","Erik","Plzen","Male"
"Biegon Erik","4040903","Hrdlicka","Erik","Vlasim","Male"
"Daniel Cosme EKOU ERWANN","5121453","Chrysostome","","",""
"Svobodova Ester","6120229","Nehoda","","",""
"Cejka Felix","1010003","Kisel","Felix","Opava","Male"
"Riha Ferdinand","5010349","Nehoda","Ferdinand","Sparta","Male"
"Sanci Filip","5060514","Paska","Filip","Jihlava","Male"
"Spatenka Filip","4020508","Kolar","Filip","Dukla","Male"
"Simanek Filip","8100768","Nehoda","Filip","Teplice","Male"
"Kolar Filip","5060426","Hrdlicka","Filip","Boleslav","Male"
"Svejnoha Filip","8080013","Hrdlicka","Filip","Budejovice","Male"
"Princ Filip","6081075","Muller","","",""
"Stepanek Filip","99010540","Kisel","Filip","Zbrojovka","Male"
"Zak Filip","95090004","Bartonicek","Filip","Prostejov","Male"
"Kasa Filip","94010010","Nehoda","","",""
"Nemecek Filip","1120424","Rehak","","",""
"Lehky Filip","2060710","Simek","Filip","Vlasim","Male"
"Capka Filip","8030787","Paska","Filip","Olomouc","Male"
"Svrcek Filip","7050837","Krob","Filip","Banik","Male"
"Prebsl Filip","3030093","Krob","Filip","Slavia","Male"
"Kubala Filip","99090069","Konig","Filip","Banik","Male"
"Brdicka Filip","4080114","Rehak","Filip","Pardubice","Male"
"Koutecky Filip","4050267","Rehak","Filip","Admira","Male"
"Ret Filip","5060688","Hrdlicka","Filip","Pribram","Male"
"Slavata Filip","4080713","Krob","Filip","Slavia","Male"
"Ulman Filip","3050975","Bartonicek","Filip","Loko Praha","Male"
"Havelka Filip","98010971","Zika","Filip","Teplice","Male"
"Dornak Filip","6070408","Hrdlicka","Filip","Zlin","Male"
"Silhart Filip","2030651","Barton","","",""
"Matousek Filip","1070467","Konig","Filip","Dukla","Male"
"Cihak Filip","99070497","Hrdlicka","Filip","Hradec","Male"
"Vedral Filip","97041474","Rehak","Filip","Vyskov","Male"
"Ruta Filip","7020359","Levy","Filip","Plzen","Male"
"Abrham Jan","7060063","Hrdlicka","Jan","Plzen","Male"
"Pekarek Jan","7050271","Levy","","",""
"Fortelny Jan","99010893","Nehoda","Jan","Pardubice","Male"
"Lecjaks Jan","90080636","Levy","","",""
"Chytry Jan","4050329","Hrdlicka","Jan","Jihlava","Male"
"Sedlak Jan","94101462","Hrdlicka","Jan","Lisen","Male"
"Koutny Jan","4100231","Kisel","Jan","Olomouc","Male"
"Matousek Jan","98050417","Hrdlicka","Jan","Bohemians","Male"
"Vagenknecht Jan","7030321","Nehoda","","",""
"Plachy Jan","98050313","Zika","","",""
"Fiala Jan","1050177","Nehoda","Jan","Olomouc","Male"
"Kliment Jan","93090025","Nehoda","Jan","Olomouc","Male"
"Stryk Jan Tobias","5070647","Matejek","Tobias","Olomouc","Male"
"Zufankova Jana","2111134","Muller","","",""
"Zmrhal Jaromir","93080052","Kisel","","",""
"Srubek Jaromir","90882","Kisel","Jaromír","Opava","Male"
"Velich Jaroslav","7080632","Nehoda","Jaroslav","Plzen","Male"
"Harustak Jaroslav","2010239","Bartonicek","Jaroslav","Teplice","Male"
"Vanek Jaroslav","5050383","Smejkal","Jaroslav","Loko Praha","Male"
"Zeleny Jaroslav","92081486","Muller","Jaroslav","Sparta","Male"
"Rebibo Jeremy","5100231","Muller","Jeremy","Loko Praha","Male"
"Musil Jindrich","4070247","Konig","Jindřich","Liberec","Male"
"Stanek Jindrich","96041529","Zika","","",""
"Sodoma Jiri","95010611","Barton","Jiří","Zizkov","Male"
"Spacil Jiri","99020500","Matejek","Jiří","Olomouc","Male"
"Slama Jiri","99010353","Muller","Jiří","Olomouc","Male"
"Mazurek Jiri","8090676","Zika","Jíří","Karvina","Male"
"Psenica Jiri","9050925","Matejek","Jiří","Olomouc","Male"
"Borek Jiri","2090800","Hrdlicka","Jiří","Vyskov","Male"
"Ciupa Jiri","98050333","Matejek","Jiří","Karvina","Male"
"Tesar Jiri","4100273","Paska","Jiří","Kladno","Male"
"Stefan Jiri","6070400","Rehak","Jiří","Zlin","Male"
"Pospisil Jiri","8010880","Barton","Jiří","Dukla","Male"
"Hudec Jiri","2090866","Bartonicek","Jiří","Kolin","Male"
"Letacek Jiri","99010405","Kolar","","",""
"Brabec Jiri","7120179","Muller","Jiří","Sparta","Male"
"Zima Jiri","7120208","Kolar","Jiří","Pardubice","Male"
"Klima Jiri","97010225","Nehoda","Jiří","Banik","Male"
"Micek Jiri","7060017","Zika","Jiří","Banik","Male"
"Floder Jiri","97010108","Kisel","Jiří","Boleslav","Male"
"Pavlenka Jiri","92041101","Kolar","","",""
"Panos Jiri Maxim","7110188","Kolar","Jiří","Plzen","Male"
"Kayamba Joel Ngandu","92042396","Smejkal","","",""
"Kneifel Jonas","2031058","Muller","Jonáš","Chlumec n. Cidlinou","Male"
"Bzura Jonas","5060259","Hrdlicka","Jonáš","Teplice","Male"
"Vais Jonas","99110981","Zika","Jonáš","Domazlice","Male"
"Kostka Jonas","8050018","Zika","Jonáš","Budejovice","Male"
"Topic Jonas","8060101","Paska","Jonáš","Sparta","Male"
"Rusek Antonin","99031069","Kolar","","",""
"Pawlik Arkadius","7011552","Smejkal","Arkadius","Slavia","Male"
"Vitarigov Arsen","5040229","Paska","Arsen","Sparta","Male"
"Broz Artur","5120169","Nehoda","Artur","Pardubice","Male"
"Daniel Cosme Sy Babacar","101607","Chrysostome","Babacar","Slavia","Unknown"
"Isaiah Babajide Ezekiel","1081755","Smejkal","","",""
"Lacik Barnabas","2050184","Chovanec","Barnabáš","Vyskov","Male"
"Vacek Benjamin","7020428","Hrdlicka","Benjamin","Plzen","Male"
"Vit Benjamin","3040493","Rehak","Benjamín","Zbrojovka","Male"
"Costa Da Rosa Bernardo","91681","Chyba","Da Rosa","Vlasim","Unknown"
"Musil Bohuslav","6040128","Matejek","Bohuslav","Banik","Male"
"Ogungbayi Boluwatife Victor","4051659","Smejkal","","",""
"Binar Borek","7120266","Paska","Bořek","Banik","Male"
"Lores Carlos","7010827","Matejek","Carlos","Banik","Male"
"Lhotecky Claude","1020880","Nehoda","","",""
"Nombil Cletus Daho","81720","Zika","Daho","Zlin","Unknown"
"Kotrba Damian","6020086","Nehoda","Damián","Sparta","Male"
"Strnad Damian","4050434","Fukan","Damián","Zbrojovka","Male"
"Kohout Dan","6080567","Muller","Dan","Slavia","Male"
"Pavelka Daniel","9030977","Hrdlicka","","",""
"Safarik Daniel","9010090","Smejkal","Daniel","Pardubice","Male"
"Tetour Daniel","94071137","Bartonicek","","",""
"Smiga Daniel","4010037","Paska","","",""
"Polak Daniel","6101327","Paska","Daniel","Zbrojovka","Male"
"Grygar Daniel","9101048","Matejek","Daniel","Banik","Male"
"Kosek Daniel","1050805","Konig","Daniel","Chrudim","Male"
"Vasulin Daniel","98060615","Kolar","Daniel","Plzen","Male"
"Svancara Daniel","7010246","Zika","Daniel","Zbrojovka","Male"
"Barat Daniel","6080126","Paska","Daniel","Slovacko","Male"
"Michl Daniel","4020212","Paska","Daniel","Sparta","Male"
"Bouchner Daniel","6020065","Paska","Daniel","Jihlava","Male"
"Kerl Daniel","1010560","Matejek","Daniel","Taborsko","Male"
"Trubac Daniel","97070905","Kolar","Daniel","Teplice","Male"
"Pandula Daniel","4010234","Smejkal","Daniel","Pardubice","Male"
"Baumgartner Daniel","5071024","Simek","Daniel","Karvina","Male"
"Suchy Daniel","5110409","Hrdlicka","Daniel","Plzen","Male"
"Smekal Daniel","1120229","Vrto","","",""
"Vaclavik Daniel","8010199","Kolar","Daniel","Hradec","Male"
"Holzer Daniel","95081077","Matejek","Daniel","Banik","Male"
"Skala Daniel","8050452","Nehoda","Daniel","Pardubice","Male"
"Langhamer Daniel","3030588","Chovanec","Daniel","Boleslav","Male"
"Horak Daniel","50498","Konig","Daniel","Hradec","Male"
"Fisl Daniel","60814","Kisel","Daniel","Zizkov","Male"
"Macej Daniel","4040732","Kolar","","",""
"Samek Daniel","4020420","Hrdlicka","Daniel","Hradec","Male"
"Hypsman Daniel","3010757","Rehak","Daniel","Hradec","Male"
"Sip Jachym","3010627","Matejek","Jáchym","Olomouc","Male"
"Palivec Jachym","7010644","Krob","Jáchym","Slavia","Male"
"Serak Jachym","1020561","Nehoda","Jáchym","Chrudim","Male"
"Liska Jakub","5010390","Chovanec","","",""
"Vlcek Jakub","3120111","Hrdlicka","Jakub","Boleslav","Male"
"Stichauer Jakub","3010046","Rehak","","",""
"Svatos Jakub","5040170","Kolar","Jakub","Pardubice","Male"
"Fabianek Jakub","3050624","Hrdlicka","Jakub","Olomouc","Male"
"Elbel Jakub","70241","Kisel","Jakub","Olomouc","Male"
"Matousek Jakub","98040563","Nehoda","Jakub","Budejovice","Male"
"Kosar Jakub","1070774","Chovanec","Jakub","Varnsdorf","Male"
"Cernin Jakub","99020358","Neuschl","Jakub","Zlin","Male"
"Selnar Jakub","40609","Hrdlicka","Jakub","Jihlava","Male"
"Setka Jakub","6070017","Muller","Jakub","Boleslav","Male"
"Trefil Jakub","1020357","Nehoda","","",""
"Kolar Jakub","10755","Kolar","Jakub","Zlin","Male"
"Kaspirek Jakub","4060192","Muller","","",""
"Markovic Jakub","1070503","Konig","Jakub","Banik","Male"
"Kristan Jakub","2070177","Kolar","Jakub","Slovacko","Male"
"Cihak Jakub","4100076","Nehoda","","",""
"Barac Jakub","96080161","Pav","Jakub","Taborsko","Male"
"Exner Jakub","7070743","Hrdlicka","Jakub","JIHLAVA","Male"
"Pira Jakub","7110011","Nehoda","Jakub","Banik","Male"
"Sural Jakub","96070003","Nehoda","Jakub","Zbrojovka","Male"
"Smiga Jakub","8040613","Paska","Jakub","Slavia","Male"
"Havrlik Jakub","7060237","Muller","Jakub","Sparta","Male"
"Yunis Jakub","96031408","Kisel","","",""
"Rehak Jakub","8080126","Nehoda","Jakub","Banik","Male"
"Hora Jakub","1030323","Hrdlicka","Jakub","Teplice","Male"
"Tec Jakub","4080593","Hrdlicka","Jakub","Pardubice","Male"
"Palan Jakub","6061149","Krob","Jakub","Motorlet","Male"
"Dufek Jakub","6020394","Smejkal","Jakub","Slavia","Male"
"Uhrincat Jakub","1021543","Kisel","Jakub","Sparta","Male"
"Tosnar Jakub","6030046","Muller","Jakub","Sparta","Male"
"Kopriva Jakub","98041692","Barton","Jakub","Ceska Lipa","Male"
"Rehak Jakub","7030103","Krob","Jakub","Plzen","Male"
"Cahlik Jakub","9010726","Paska","Jakub","Banik","Male"
"Urbanec Jakub","92042050","Barton","Jakub","Teplice","Male"
"Podkalsky Jakub","6030130","Matejek","Jakub","Zbrojovka","Male"
"Sedlacek Jakub","8090844","Matejek","Jakub","Liberec","Male"
"Kucera Jakub","97011557","Matejek","Jakub","Hradec","Male"
"Hudak Jakub","4050793","Matejek","Jakub","Varnsdorf","Male"
"Hodek Jakub","1090113","Krob","Jakub","Vlasim","Male"
"Stoszek Jakub","8020470","Matejek","Jakub","Banik","Male"
"Jerabek Jakub","1040685","Neuschl","Jakub","Dukla","Male"
"Zeman Jakub","5090681","Hrdlicka","Jakub","Hradec","Male"
"Fulnek Jakub","94041870","Muller","Jakub","Boleslav","Male"
"Graclik Jakub","7070322","Nehoda","Jakub","Banik","Male"
"Galik Jakub","6070141","Smejkal","Jakub","Karvina","Male"
"Siman Jakub","95010396","Smejkal","Jakub","Bohemians","Male"
"Mucha Filip","92060280","Matejek","Filip","Zbrojovka","Male"
"Slavicek Filip","2090863","Matejek","Filip","Olomouc","Male"
"Vecera Filip","6010086","Matejek","Filip","Zbrojovka","Male"
"Hajnovic Filip","6060717","Paska","Filip","Zbrojovka","Male"
"Novak Filip","9020642","Nehoda","Filip","Pardubice","Male"
"Kocvara Filip","7030035","Hrdlicka","Filip","Slavia","Male"
"Nalezinek Filip","3070121","Muller","Filip","Sparta","Male"
"Ulrich Filip","3070191","Kisel","Filip","Lisen","Male"
"Sladovnik Filip","6020021","Muller","Filip","Dukla","Male"
"Mikes Filip","5070519","Bartonicek","Filip","Dukla","Male"
"Vegh Filip","8090565","Hrdlicka","Filip","Frydek","Male"
"Dorazil Filip","9010039","Hrdlicka","Filip","Banik","Male"
"Vecheta Filip","3020422","Rehak","Filip","Slovacko","Male"
"Panak Filip","95110067","Chyba","Filip","Sparta","Male"
"Urica Filip","3090271","Paska","Filip","Olomouc","Male"
"Kaza Filip","5010660","Nehoda","Filip","Dukla","Male"
"Kaczmarek Filip Kacper","7010768","Riha","Filip","Sparta","Male"
"Rott Frantisek","4010443","Chovanec","František","Loko Praha","Male"
"Kamenik Frantisek","7020643","Hrdlicka","František","Hradec","Male"
"Dolezel Frantisek","7060208","Paska","František","Banik","Male"
"Herak Frantisek","6100557","Nehoda","František","Slavia","Male"
"Bakrlik Frantisek","7051282","Smejkal","","",""
"Cech Frantisek","98060656","Hrdlicka","František","Hradec","Male"
"Matys Frantisek","2080160","Kisel","František","Olomouc","Male"
"Hruska Frantisek","8060746","Nehoda","František","Banik","Male"
"Slajsova Gabriela","40359","Muller","","",""
"Erewa Gideon","6041755","Bartonicek","","",""
"Ndefe Gigli Nsungani","94032429","Bartonicek","Gigli","Slovacko","Unknown"
"Reteno Elekana Guy","96091740","Hrdlicka","Elekana","Banik","Unknown"
"Usman Hassan","2041750","Hrdlicka","Hassan","Varnsdorf","Male"
"Korinek Hubert","8020786","Barton","Hubert","Sparta","Male"
"Sochurek Hugo","8060203","Paska","Hugo","Sparta","Male"
"Hruska Hynek","4020677","Kolar","Hynek","Sparta","Male"
"Uwalakaji Chinedu Brain","4121580","Smejkal","","",""
"Bolorbold Chinguun","9010173","Kolar","","",""
"Frydek Christian","99020014","Nehoda","Christian","Liberec","Male"
"Kabongo Christophe","3080746","Krob","","Plzen","Unknown"
"Odiase Christopher","6101038","Hrdlicka","","",""
"Clement Chukwudozie Malachy","3011504","Simek","","VSETIN","Unknown"
"Ayoola Ibrahim","3031674","Simek","","",""
"Daniel Cosme GUIRA IBRAHIM","4111491","Chrysostome","","",""
"Daniel Cosme Sarr Ibrahima","111564","Chrysostome","","",""
"Gabriel Israel Odaleko","4031582","Simek","","",""
"Slaby Ivan","8011729","Muller","Ivan","Dukla","Male"
"Schranz Ivan","93092449","Neuschl","Ivan","Slavia","Male"
"Hryhoruk Ivan","8021678","Nehoda","Ivan","Budejovice","Male"
"Stindl Jachym","5090029","Hrdlicka","Jáchym","Budejovice","Male"
"Daniel Cosme Tall Mame Alassane Laye","99091777","Chrysostome","","",""
"Svach Marek","4080751","Paska","Marek","Zlin","Male"
"Obdrzalek Marek","7030341","Nehoda","","Boleslav","Unknown"
"Provaznik Marek","8080229","Neuschl","Josef","Sparta","Male"
"Stuler Marek","8081179","Riha","","",""
"Taborsky Marek","5100496","Hrdlicka","Marek","Usti n. Orlici","Male"
"Jaron Marek","1081195","Matejek","Marek","Banik","Male"
"Matocha Marek","97070118","Matejek","Marek","Prostejov","Male"
"Richter Marek","98051305","Barton","Marek","Zizkov","Male"
"Kriklava Marek","8040638","Zika","Marek","Olomouc","Male"
"Hubacek Marek","8051041","Hrdlicka","Marek","Plzen","Male"
"Roubicek Marek","8060206","Paska","Marek","Bohemians","Male"
"lcha Marek","2030527","Hrdlicka","Marek","Liberec","Male"
"Beranek Marek","3050463","Hrdlicka","Marek","Teplice","Male"
"Havran Marek","6100607","Muller","Marek","Hlucin","Male"
"Kejr Marek","1070469","Nehoda","Marek","Chrudim","Male"
"Soucek Marek","7030295","Nehoda","Marek","Zbrojovka","Male"
"Dolejs Marek","5100253","Riha","","",""
"Ondo Marek","7051021","Hrdlicka","","",""
"Naskos Marek","7060013","Paska","Marek","Slavia","Male"
"Seris Marek","6030157","Simek","Marek","Karvina","Male"
"Havlik Marek","95070454","Nehoda","Marek","Slovacko","Male"
"Smejkal Marek","4020624","Hrdlicka","Marek","Budejovice","Male"
"Polasek Marek","1050776","Simek","Marek","Lisen","Male"
"Tvrdon Marian","94082021","Nehoda","Marián","Plzen","Male"
"Prasek Martin","3090148","Kisel","Martin","Budejovice","Male"
"Prokes Martin","5020331","Nehoda","Martin","Pardubice","Male"
"Cerny Martin","5050186","Paska","Martin","Zbrojovka","Male"
"Ruzicka Martin","4100187","Rehak","","",""
"Taus Martin","6030177","Fukan","Martin","LISEN B","Male"
"Doudera Martin","2020003","Muller","Martin","Dukla","Male"
"Pastyrik Martin","8020646","Paska","Martin","Slavia","Male"
"Kulyk Martin","7030375","Zika","Martin","Banik","Male"
"Hlavac Martin","2080746","Hrdlicka","Martin","Hradec","Male"
"Hruby Martin","4030465","Zika","Martin","Vyskov","Male"
"Frolek Martin","5020313","Zika","Martin","Zlin","Male"
"Zikl Martin","99060658","Fukan","Martin","Start Brno","Male"
"Jedlicka Martin","98011153","Kolar","Martin","Plzen","Male"
"Chlumecky Martin","97010588","Levy","","",""
"Frydek Martin","92031932","Kolar","","",""
"Subert Martin","2080402","Hrdlicka","Martin","Vlasim","Male"
"Doubek Martin","4050431","Levy","Martin","Plzen","Male"
"Kuiha Martin","4010477","Riha","Martin","Liberec","Male"
"Zbranek Martin","4100419","Vrto","Martin","Zlinsko","Male"
"Stoulil Martin","8020213","Barton","Martin","Sparta","Male"
"Skoda Martin","6030604","Kisel","Martin","Olomouc","Male"
"Vidlicka Martin","10021397","Paska","","",""
"Janetzky Jakub","97060613","Matejek","Jakub","Zbrojovka","Male"
"Kratochvil Jakub","9010766","Konig","Jakub","Slavia","Male"
"Zeronik Jakub","1020429","Muller","Jakub","Dukla","Male"
"Martinec Jakub","98030656","Hrdlicka","Jakub","Pardubice","Male"
"Zelingr Jakub","6051033","Hrdlicka","Jakub","Liberec","Male"
"Pilch Jakub","8020571","Zika","Jakub","Olomouc","Male"
"Lapes Jakub","99070160","Chyba","Jakub","Karvina","Male"
"Regal Jakub","6030253","Nehoda","Jakub","Dukla","Male"
"Markes Jakub","9040624","Nehoda","Jakub","Budejovice","Male"
"Kolisek Jakub","7080452","Kolar","Jakub","Slavia","Male"
"Bello James","5051832","Smejkal","James","Plzen","Male"
"Franek Jan","6100070","Hrdlicka","Jan","Vlasim","Male"
"Novak Jan","5020633","Chyba","Jan","Plzen","Male"
"Harustak Jan","5040202","Bartonicek","Jan","Frydek","Male"
"Kares Jan","7010327","Nehoda","Jan","Pribram","Male"
"Kral Jan","99040194","Muller","Jan","Olomouc","Male"
"Peterka Jan","90041672","Smejkal","Jan","Dukla","Male"
"Carnoky Jan","9060264","Nehoda","Jan","Banik","Male"
"Mikula Jan","92010313","Paska","Jan","Liberec","Male"
"Kolarik Jan","6050225","Nehoda","Jan","Slovacko","Male"
"Liska Jan","6100565","Hrdlicka","Jan","Sparta","Male"
"Filo Jan","9030325","Nehoda","Jan","Olomouc","Male"
"Kunes Jan","9040925","Muller","Jan","Slavia","Male"
"Stovicek Jan","99080697","Levy","Jan","Dukla","Male"
"Zika Jan","6020004","Chyba","","",""
"Krivanek Jan","8100058","Kolar","Jan","Zbrojovka","Male"
"Mejdr Jan","95050637","Krob","","",""
"Filip Jan","9010172","Kolar","Jan","Slavia","Male"
"Kubes Jan","9050812","Nehoda","","",""
"Zelinger Jan","7040391","Paska","Jan","Pardubice","Male"
"Suchan Jan","96011007","Barton","Jan","Pardubice","Male"
"Feit Jan","6030017","Nehoda","Jan","Loko Praha","Male"
"Sirotnik Jan","2040588","Levy","Jan","Slavia","Male"
"Stejskal Jan","97020748","Rehak","Jan","Pardubice","Male"
"Vondra Jan","95090675","Levy","Jan","Bohemians","Male"
"Hajek Jan","8050435","Paska","Jan","Dukla","Male"
"Knapik Jan","120349","Hrdlicka","Jan","Teplice","Male"
"Brabec Jan","3020334","Zika","Jan","Budejovice","Male"
"Paluska Jan","5060435","Kolar","Jan","Plzen","Male"
"Halasz Jan","1021133","Konig","","",""
"Juroska Jan","93030104","Konig","Jan","Banik","Male"
"Dostal Jan","7040543","Paska","Jan","Pardubice","Male"
"Lacko Jan","6010213","Paska","Jan","Motorlet","Male"
"Mach Jan","100007","Muller","Jan","Taborsko","Male"
"Sutr Jan","6020127","Hrdlicka","Jan","Plzen","Male"
"Novak Jan","5010028","Fukan","","",""
"Ludvik Jan","3080822","Pav","Jan","FK HORNI REDICE","Male"
"Kadlec Jan","99020343","Pav","","",""
"Beranek David","4080163","Hrdlicka","David","Kolin","Male"
"Macharacek David","6040939","Kolar","","Olomouc","Unknown"
"Kedron David","4060443","Rehak","David","Frydek","Male"
"Machalik David","96061182","Hrdlicka","David","Zlin","Male"
"Jerabek David","7050135","Hrdlicka","David","Zlin","Male"
"Polasek David","6110331","Zika","David","Zbrojovka","Male"
"Jaja David Lawrence","3081696","Kolar","David","Slovacko","Male"
"Hanzelka Denis","6030183","Matejek","","",""
"Franke Denis","6100129","Nehoda","Denis","Plzen","Male"
"Halinsky Denis","3070418","Hrdlicka","Denis","Liberec","Male"
"Nemec Denis","5090084","Zika","Denis","Frydek","Male"
"Darmovzal Denis","70732","Konig","Denis","Pardubice","Male"
"Kremen Denis","8010491","Hrdlicka","Denis","Sparta","Male"
"Rejman Denis","6030270","Rehak","","",""
"Donat Denis","1090492","Kolar","Denis","Boleslav","Male"
"Kramar Denis","3080220","Kisel","Denis","Olomouc","Male"
"Kaulfus Denis","4060068","Hrdlicka","Denis","Boleslav","Male"
"Granecny Denis","98090294","Nehoda","Denis","Zbrojovka","Male"
"Zamazal Denis","6110450","Konig","Denis","Dukla","Male"
"Rancova Denisa","8030043","Nehoda","","",""
"Krpalek Dennis","7101292","Barton","Dennis","Sparta","Male"
"Samko Denny","71053","Krob","Denny","Karvina","Male"
"Preisler Dominik","95091064","Chovanec","Dominik","Liberec","Male"
"Svacek Dominik","97021280","Zika","Dominik","Zbrojovka","Male"
"Plestil Dominik","99080463","Hrdlicka","Dominik","Bohemians","Male"
"Zajac Dominik","8060380","Paska","Dominik","Banik","Male"
"Klima Dominik","7050781","Hrdlicka","Dominik","Bohemians","Male"
"Pech Dominik","6090152","Hrdlicka","Dominik","Slavia","Male"
"Sustr Dominik","5120289","Smejkal","Dominik","Plzen","Male"
"Louzecky Dominik","5030511","Nehoda","Dominik","Budejovice","Male"
"Bazout Dominik","7100247","Smejkal","Dominik","Chrudim","Male"
"Nemec Dominik","6040416","Muller","Dominik","Budejovice","Male"
"Holan Dominik","2070004","Chyba","Dominik","Banik","Male"
"Dobes Dominik","9030322","Chyba","Dominik","Liberec","Male"
"Komarek Dominik","7060354","Chyba","Dominik","Zbrojovka","Male"
"Fiser Dominik","1120567","Muller","Dominik","Plzen","Male"
"Prazak Dominik","8020038","Kolar","Dominik","Pardubice","Male"
"Zak Dominik","41430","Krob","Dominik","Karvina","Male"
"Hasek Dominik","98071064","Pav","Dominik","Dukla","Male"
"Kuhn Dominik","7060617","Levy","Dominik","Jablonec","Male"
"Hasala Dominik","1010066","Kisel","Dominik","Hlucin","Male"
"Soukenik Dominik","99070641","Hrdlicka","Dominik","Vlasim","Male"
"Peska Dominik","1030826","Pav","Dominik","Zbrojovka","Male"
"Smerda Dominik","4060081","Zika","Dominik","Povltavska","Male"
"Janosek Dominik","98060698","Konig","","",""
"Plechaty Dominik","99040906","Nehoda","Dominik","Liberec","Male"
"Simacek Dominik","30811","Kisel","","",""
"Korac Duje","5061910","Martinovic","Duje","Boleslav","Male"
"Hladik Dusan","7010114","Riha","","",""
"Singhateh Ebrima","3091708","Smejkal","Ebrima","Karvina","Unknown"
"Baier Viktor","5010205","Kolar","Viktor","Plzen","Male"
"Fendrich Vilem","91011735","Fukan","Vilém","Budejovice","Male"
"Kotisek Vincent","8040801","Kolar","","",""
"Vavrik Vit","5070580","Rehak","Vít","Karvina","Male"
"Valosek Vit","7050289","Matejek","Vít","Karvina","Male"
"Skrkon Vit","8040105","Krob","Vít","Banik","Male"
"Simr Vit","6030096","Nehoda","Vít","Bohemians","Male"
"Jaros Vitezslav","1070915","Kolar","","",""
"Klimes Vitezslav","6010167","Nehoda","Vítězslav","Plzen","Male"
"Koleckar Vladimir","4110671","Nehoda","Vladimír","BOHUNICE","Male"
"Zeman Vladimir","90509","Martinovic","Vladimír","Bohemians","Male"
"Reichl Vladimir","4010673","Pav","","",""
"Charvat Vladimir","6070006","Hrdlicka","Vladimír","Budejovice","Male"
"Coufal Vladimir","92081661","Kisel","","",""
"Hradil Vladislav","6070065","Zika","Vladislav","Zbrojovka","Male"
"Zadorozhnii Vladyslav","9021725","Nehoda","","Slavia","Unknown"
"Kristal Vojtech","99070505","Kolar","Vojtěch","Olomouc","Male"
"Vorel Vojtech","96060990","Zika","Vojtěch","Sparta","Male"
"Polak Vojtech","8030024","Hrdlicka","Vojtěch","Hradec","Male"
"Pancev Vojtech","7080714","Nehoda","Vojtěch","Sparta","Male"
"Patrak Vojtech","31503","Muller","Vojtěch","Pardubice","Male"
"Vizingr Vojtech","7070290","Matejek","Vojtěch","Zbrojovka","Male"
"Hora Vojtech","4050107","Zika","Vojtěch","Budejovice","Male"
"Sychra Vojtech","1111047","Konig","Vojtěch","Pardubice","Male"
"Havelka Vojtech","7050181","Muller","Vojtěch","Sparta","Male"
"Veprovsky Vojtech","7050240","Riha","","",""
"Wojatschke Vojtech","2010967","Kisel","","",""
"Stransky Vojtech","3030387","Kolar","Vojtěch","Boleslav","Male"
"Novak Vojtech","5120045","Smejkal","Vojtěch","Sparta","Male"
"Bartos Vojtech","2010461","Rehak","Vojtěch","Kromeriz","Male"
"Tomanek Vojtech","8020044","Paska","Vojtěch","Slavia","Male"
"Krynskyi Volodymyr","97011949","Martinovic","","",""
"Daniel Cosme Toure Yaya Kader","41771","Chrysostome","","",""
"Tsykalo Yehor","1091586","Chovanec","Yehor","Teplice","Unknown"
"Daniel Cosme Diop Youssou","3121448","Chrysostome","","",""
"Daniel Cosme Koffi Ypote Boris","5081813","Chrysostome","Boris","Motorlet","Male"
"Toman Zdenek","5091415","Matejek","Zdeněk","Zbrojovka","Male"
"Kolodziej Tomas","4020406","Nehoda","Tomáš","Most","Male"
"Svoboda Tomas","10947","Nehoda","Tomáš","Vyskov","Male"
"Brecka Tomas","94050814","Kolar","Tomáš","Slovacko","Male"
"Ret Tomas","5060689","Hrdlicka","Tomáš","Pribram","Male"
"Jonas Tomas","1051135","Barton","Tomáš","Hostoun","Male"
"Ferenc Tomas","8040856","Paska","Tomáš","Slavia","Male"
"Podebradsky Tomas","8020016","Zika","Tomáš","Hradec","Male"
"Brazda Tomas","8010336","Smejkal","Tomáš","Slavia","Male"
"Skubala Tomas","8020623","Nehoda","","",""
"Wiesner Tomas","97070907","Muller","Tomáš","Sparta","Male"
"Franek Tomas","2070629","Nehoda","Tomáš","Jihlava","Male"
"Polyak Tomas","1050304","Riha","Tomáš","Pardubice","Male"
"Cvancara Tomas","80561","Nehoda","","",""
"Vlcek Tomas","1021149","Paska","Tomáš","Slavia","Male"
"Pantok Tomas","5060598","Fukan","Tomáš","HAVIROV","Male"
"Hak Tomas","3100455","Hrdlicka","Tomáš","Budejovice","Male"
"Zlatohlavek Tomas","51094","Muller","","Pardubice","Unknown"
"Rataj Tomas","3030628","Kisel","Tomáš","Opava","Male"
"Fruhwald Tomas","2091729","Zika","Tomáš","Bohemians","Male"
"Kalas Tomas","93051162","Kolar","","",""
"Urban Tomas","7050386","Paska","Tomáš","Pardubice","Male"
"Kopr Tomas","5060433","Fukan","Tomáš","Slovacko","Male"
"Parenica Tomas","9010614","Matejek","Tomáš","Olomouc","Male"
"Solil Tomas","20021","Kolar","Tomáš","Pardubice","Male"
"Chory Tomas","95011550","Nehoda","Tomáš","Slavia","Male"
"Corneil Tristan Currie","94012322","Barton","","",""
"Iwuala Ugochukwu Stephen","4031581","Simek","","",""
"Drchal Vaclav","99071243","Paska","Václav","Bohemians","Male"
"Cerny Vaclav","97100788","Nehoda","","",""
"Kremr Vaclav","6030485","Hrdlicka","Václav","Slovacko","Male"
"Riha Vaclav","8041151","Hrdlicka","Václav","Mladeze","Male"
"Sejk Vaclav","2050666","Hrdlicka","","",""
"Zahradnicek Vaclav","6020165","Smejkal","","Olomouc","Unknown"
"Hlavaty Vaclav","9071388","Levy","Václav","Slavia","Male"
"Mika Vaclav","60004","Smejkal","Václav","Budejovice","Male"
"Jemelka Vaclav","95061404","Konig","Václav","Plzen","Male"
"Belzik Vaclav","9020114","Paska","Václav","Slavia","Male"
"Hendrych Vaclav","8090730","Paska","Václav","Pardubice","Male"
"Valin Vaclav","4030642","Levy","Václav","Povltavska","Male"
"Chervak Vadym","99051833","Martinovic","","",""
"Jilkova Vanesa","5080590","Nehoda","","",""
"Kusej Vasil","51236","Martinovic","Vasil","Boleslav","Male"
"Samuel Victor Elem","6061868","Bartonicek","","",""
"Olatunji Victor Oluyemi","99091785","Zika","Victor","Sparta","Male"
"Osuagwu Victor Uchechukwu","3121409","Smejkal","","",""
"Perina Viktor","7020754","Kolar","","",""
"Vilimek Viktor","5020570","Levy","Viktor","Plzen","Male"
"Svec Viktor","9030439","Paska","","",""
"Hrubes Stepan","8010184","Hrdlicka","Štěpán","Bohemians","Male"
"Konecny Stepan","7030388","Chovanec","Štěpán","Zbrojovka","Male"
"Vajgl Stepan","5070062","Hrdlicka","","",""
"Fiker Stepan","5010414","Hrdlicka","Štěpán","Boleslav","Male"
"Duska Stepan","7110105","Nehoda","Štěpán","Motorlet","Male"
"Misek Stepan","5070431","Paska","Štěpán","Pardubice","Male"
"Beran Stepan","4030213","Riha","Štěpán","Slavia","Male"
"Beran Stepan","7050321","Paska","Štěpán","Slavia","Male"
"Sehnoutka Stepan","7030317","Paska","","Hradec","Unknown"
"Koblizek Stepan","9030631","Smejkal","Štěpán","Pardubice","Male"
"Chaloupek Stepan","3030216","Hrdlicka","Štěpán","Slavia","Male"
"Ponikelsky Stepan","7060045","Paska","Štěpán","Hradec","Male"
"Brecka Stepan","4040026","Rehak","Štěpán","Slovacko","Male"
"Viktorin Stepan","6030559","Konig","Štěpán","Zbrojovka","Male"
"Spacek Stepan","8040103","Simek","Štěpán","Lisen","Male"
"Harazim Stepan","70557","Matejek","Štěpán","Hradec","Male"
"Kindimann Stepan","7110069","Matejek","","Pribram","Unknown"
"Barta Stepan","5120040","Nehoda","Štěpán","Dukla","Male"
"Machu Stepan","4020472","Smejkal","Štěpán","Pardubice","Male"
"Bachurek Stepan","2080804","Levy","Štěpán","Zlin","Male"
"Frydl Tadeas","7020170","Matejek","Tadeáš","Banik","Male"
"Kowalczyk Tadeas","6010232","Smejkal","Tadeáš","Banik","Male"
"Danek Tadeas","8040950","Zika","Tadeáš","Karvina","Male"
"Stoppen Tadeas","3120667","Kisel","Tadeáš","Olomouc","Male"
"Vachousek Tadeas","4010223","Kolar","","Teplice","Unknown"
"Prazak Tadeas","8020037","Kolar","Tadeáš","Pardubice","Male"
"Korycan Tadeas","2110087","Hrdlicka","Tadeáš","Kromeriz","Male"
"Moravkova Tamara","3011506","Kisel","","",""
"Sandev Teo","6010154","Riha","Teo","Boleslav","Male"
"Janjus Teodor","1040187","Chovanec","Teodor","Hlubina","Male"
"Kramar Tim","7060054","Kisel","Tim","Opava","Male"
"Boledovic Tobias","6090682","Paska","Tobias","Slavia","Male"
"Ritter Tobias","8100281","Paska","Tobias","Mladeze","Male"
"Nieslanik Tobias","5031133","Chovanec","","",""
"Vankat Tobias","7071092","Levy","Tobiáš","Sparta","Male"
"Sloncik Tom","4120326","Paska","Tom","Plzen","Male"
"Nekvinda Tomas","7020102","Hrdlicka","Tomáš","Pardubice","Male"
"Kral Tomas","4100706","Hrdlicka","Tomáš","Boleslav","Male"
"Kocour Tomas","7040800","Hrdlicka","Tomáš","Boleslav","Male"
"Koubek Tomas","92081944","Kolar","","",""
"Ladra Tomas","97041330","Nehoda","Tomáš","Boleslav","Male"
"Schanelec Tomas","2060693","Muller","Tomáš","Pardubice","Male"
"Smejkal Tomas","98070336","Krob","Tomáš","Zbrojovka","Male"
"Holes Tomas","93032511","Kolar","Tomáš","Slavia","Male"
"Zima Tomas","6120200","Chovanec","","",""
"Kucera Tomas","91071554","Nehoda","Tomáš","Usti n. Labem","Male"
"Vajner Tomas","50669","Neuschl","Tomáš","Lisen","Male"
"Jerabek Tomas","8070277","Riha","Tomáš","Sparta","Male"
"Zajic Tomas","96080622","Rehak","Tomáš","Vyskov","Male"
"Krehlik Miroslav","3050283","Muller","Miroslav","Jihlava","Male"
"Turecek Miroslav","98101048","Pav","Miroslav","Usti n. Labem","Male"
"Andrle Miroslav","7020183","Zika","Miroslav","Olomouc","Male"
"Ejedegba Mitchell Ewomaoghene","4051604","Smejkal","Mitchell","Plzen","Male"
"Daniel Cosme Sanogo Mohamed","4111492","Chrysostome","","",""
"Yahaya Mohammed Marzug","4011630","Smejkal","","Pardubice","Unknown"
"Alrashdi Mohammed Saleh S","2051703","Martinovic","","",""
"Chytil Mojmir","99041506","Paska","Mojmír","Slavia","Male"
"Daniel Cosme LEBE Morel","5101681","Chrysostome","","",""
"Usor Moses","2021623","Smejkal","","",""
"David Moses","4011071","Simek","Moses","Karvina","Male"
"Amasi Moses Emmanuel","4011635","Kolar","Moses","Olomouc","Male"
"Sanneh Muhammed","21666","Smejkal","","",""
"Abdoulkarim Muhammed Jamiu","4041766","Simek","","Hlucin","Unknown"
"Ojora Mustapha Adio","4081710","Simek","Mustapha","Karvina","Male"
"Toyin Mustapha Olanrewaju","4011629","Smejkal","","",""
"Zizkova Natalie","7120008","Nehoda","","",""
"Piralie Nicolas","6100087","Kolar","Nicolas","Sparta","Male"
"Chumlen Nicolas","9030704","Nehoda","Nicolas","Plzen","Male"
"Penner Nicolas","1060759","Muller","Nicolas","Liberec","Male"
"Chromeckova Nicole","8010318","Rehak","","",""
"Krenciv Nikolas","3120516","Nehoda","Nikolas","Loko Praha","Male"
"Egwu Ojochegbe Martins","5021514","Simek","Ojochegbe","Karvina","Unknown"
"Kok Olaf","2011681","Riha","Olaf","Liberec","Male"
"Pragr Oldrich","3050735","Chovanec","Oldřich","Zbrojovka","Male"
"Stecha Oliver","6090443","Kolar","Oliver","Slovacko","Male"
"Bartl Oliver","6030656","Rehak","","",""
"Adametz Oliver","8090766","Chovanec","Oliver","Zbrojovka","Male"
"Velich Oliver","1060440","Paska","Oliver","Jablonec","Male"
"Hublik Oliver","7080197","Vrto","Oliver","Zbrojovka","Male"
"Lukasova Olivie","1060152","Kolar","","",""
"Sasinka Ondrej","98031075","Kolar","Ondřej","Hradec","Male"
"Slapansky Ondrej","4050557","Chovanec","Ondřej","Zbrojovka","Male"
"Kricfalusi Ondrej","4030180","Kolar","Ondřej","Teplice","Male"
"Ruzicka Ondrej","6061257","Hrdlicka","Ondřej","Bohemians","Male"
"Lingr Ondrej","98100301","Matejek","Ondřej","Slavia","Male"
"Masek Ondrej","9040189","Smejkal","Ondřej","Slavia","Male"
"Drobek Ondrej","6030045","Konig","Ondřej","Karvina","Male"
"Lehoczki Ondrej","98020432","Levy","Ondřej","Opava","Male"
"Dohnal Ondrej","4040612","Nehoda","Ondřej","Pribram","Male"
"Novak Ondrej","4090196","Hrdlicka","Ondřej","Budejovice","Male"
"Sprinz Ondrej","3050461","Smejkal","Ondřej","Loko Praha","Male"
"Novy Ondrej","8060980","Nehoda","Ondřej","Dukla","Male"
"Karafiat Ondrej","94120002","Paska","","",""
"Frolik Ondrej","8070585","Nehoda","Ondřej","Slavia","Male"
"Mrozek Ondrej","3100401","Muller","Ondřej","Trinec","Male"
"Deml Ondrej","5010630","Neuschl","","",""
"Bartos Adam","9040122","Hrdlicka","","",""
"Rezek Adam","5110077","Nehoda","Adam","Hostoun","Male"
"Richter Adam","98061411","Kisel","Adam","Opava","Male"
"Benes Adam","9110131","Hrdlicka","Adam","Slovacko","Male"
"Busek Adam","6040140","Barton","Adam","Boleslav","Male"
"Bitta Adam","8040086","Zika","Adam","Banik","Male"
"Dohnalek Adam","4070072","Zika","Adam","Olomouc","Male"
"Kronus Adam","2071071","Nehoda","Adam","Zbrojovka","Male"
"Sochor Adam","4120707","Kisel","Adam","Opava","Male"
"Hink Adam","9040884","Hrdlicka","Adam","JIHLAVA","Male"
"Sevinsky Adam","4060456","Chovanec","Adam","Liberec","Male"
"Hradisky Adam Pavel","5030366","Nehoda","","",""
"Trachtova Adela","7050882","Barton","","",""
"Cermak Adrian","93072558","Fukan","Adrián","Jihlava","Male"
"Soliu Afolabi","5081824","Simek","Afolabi","Taborsko","Unknown"
"Chidera Jude Agbo","4071710","Simek","Agbo","Trinec","Unknown"
"Hradisky Alain Pavel","9040393","Hrdlicka","","",""
"Labik Albert","4050325","Chovanec","Albert","Teplice","Male"
"Meznik Albert","7010846","Kolar","Albert","Zbrojovka","Male"
"Goretkiova Albina","5080570","Kolar","","",""
"Cermak Ales","94100002","Smejkal","Aleš","Bohemians","Male"
"Sukdolak Ales","9030267","Smejkal","Aleš","Pardubice","Male"
"Fitko Ales","9010346","Hrdlicka","Aleš","Plzen","Male"
"Toman Ales","8091246","Matejek","Aleš","Zbrojovka","Male"
"Mandous Ales","92041580","Levy","Aleš","Slavia","Male"
"Mateju Ales","96060098","Kolar","","",""
"Brezina Ales","7020382","Nehoda","Aleš","Slavia","Male"
"Kohoutek Ales","4020021","Rehak","","",""
"Koci Ales","2030532","Kisel","Aleš","Slovacko","Male"
"Kocman Ales","4100176","Smejkal","Aleš","Boleslav","Male"
"Hruby Ales","7090006","Muller","Aleš","Sparta","Male"
"Honajzer Alex","6020172","Kolar","","",""
"Kral Alex","98051031","Kisel","","",""
"Sedlacek Alexandr","8091602","Hrdlicka","Alexandr","Budejovice","Male"
"Sojka Alexandr","3040033","Smejkal","Alexandr","Plzen","Male"
"Daniel Cosme Diao Aliou","3101611","Chrysostome","","",""
"Yakubu Aliyu","121492","Simek","Aliyu","Trinec","Unknown"
"Ukici Altin","5051831","Martinovic","Altin","Liberec","Male"
"Daniel Cosme AIDARA AMADOU","4081720","Chrysostome","","",""
"Nguyen An Khanh Andrej","5030538","Zika","Khanh","Trinec","Female"
"Yuzvak Andriy","1021248","Smejkal","Andriy","Pardubice","Male"
"Svobodova Aneta","9060326","Barton","","",""
"Stiburkova Aneta","6040011","Barton","","",""
"Starova Antonie","98100544","Kolar","","",""
"Vanicek Antonin","98041209","Muller","Antonín","Zizkov","Male"
"Kinsky Antonin","3030380","Kolar","Antonín","Slavia","Male"
"Misci Antonin","4030371","Hrdlicka","","",""
"Krapka Antonin","94011512","Krob","Antonín","Bohemians","Male"
"Fantis Antonin","92041145","Barton","","",""
"Zitny Matej","5010077","Krob","Matěj","Slavia","Male"
"Maly Matej","6101080","Nehoda","Matěj","Banik","Male"
"Rynes Matej","1051231","Nehoda","Matěj","Sparta","Male"
"Mikulenka Matej","4020097","Kolar","Matěj","Olomouc","Male"
"Faltus Matej","5100490","Hrdlicka","Matěj","Budejovice","Male"
"Houser Matej","9050501","Chyba","Matěj","Plzen","Male"
"Szojka Matej","9070502","Hrdlicka","Matěj","Budejovice","Male"
"Vik Matej","2081042","Chyba","Matěj","Varnsdorf","Male"
"Strnad Matej","6050003","Hrdlicka","Matěj","Liberec","Male"
"Cechal Matej","5020011","Kolar","Matěj","Teplice","Male"
"Hadas Matej","3110549","Zika","Matěj","Olomouc","Male"
"Divis Matej","6060093","Paska","Matěj","Sparta","Male"
"Mikula Matej","9060478","Nehoda","Matěj","Plzen","Male"
"Cepela Matej","6080102","Smejkal","Matěj","Boleslav","Male"
"Federle Matej","9020453","Hrdlicka","","",""
"Valenta Matej","20401","Muller","Matěj","Plzen","Male"
"Borolic Matej","6040164","Nehoda","Matěj","Plzen","Male"
"Krulich Matous","5040245","Paska","Matouš","Jablonec","Male"
"Srb Matous","9090205","Smejkal","Matouš","Slavia","Male"
"Varacka Matous","1010009","Hrdlicka","Matouš","Taborsko","Male"
"Trmal Matous","98100056","Konig","Matouš","Boleslav","Male"
"Zastresek Matous","7010390","Matejek","Matouš","Banik","Male"
"Babka Matous","2010035","Kisel","Matouš","Opava","Male"
"Rusnak Matus","99121627","Neuschl","Matúš","Banik","Male"
"Beran Matyas","7050108","Hrdlicka","Matyas","Olomouc","Unknown"
"Hartman Matyas","3060192","Rehak","Matyáš","Zlin","Male"
"Ferlay Matyas","3020620","Hrdlicka","Matyáš","KURIM","Male"
"Syrovatka Matyas","8040011","Muller","Matyáš","Hradec","Male"
"Matys Matyas","8030140","Hrdlicka","Matyáš","Plzen","Male"
"Mervard Matyas","5070180","Barton","Matyáš","Motorlet","Male"
"Filipek Matyas","6080564","Riha","Matyáš","Liberec","Male"
"Kubrycht Matyas","7020078","Hrdlicka","Matyáš","Plzen","Male"
"Kodydek Matyas","1080260","Konig","Matyáš","Domazlice","Male"
"Gyodre Matyas","6050336","Rehak","Matyáš","Olomouc","Male"
"Hane Matyas","4070530","Chyba","","",""
"Korselt Matyas","4040154","Chyba","Matyáš","Teplice","Male"
"Nagy Matyas","7080729","Hrdlicka","","",""
"Silhavy Matyas","7030458","Zika","Matyáš","Plzen","Male"
"Tomek Matyas","8110088","Konig","Matyáš","Mladeze","Male"
"Hnizdil Matyas","9041230","Paska","Matyáš","Mladeze","Male"
"Marcol Matyas","9050081","Kolar","","",""
"Amler Matyas","8050729","Paska","Matyáš","Sparta","Male"
"Moucka Matyas","6090442","Vrto","Matyáš","Banik","Male"
"Kozak Matyas","1050146","Riha","Matyáš","Slovacko","Male"
"Kodera Matyas","8060777","Smejkal","Matyáš","Boleslav","Male"
"Jedlicka Matyas","4060449","Martinovic","Matyáš","Sparta","Male"
"Poturnay Matyas","7050131","Chyba","","",""
"Okeke Nelson","2031696","Martinovic","Nelson","Sparta","Male"
"Adeyemi Abass Bukunmi","5111553","Simek","Abass","Strani","Unknown"
"Daniel Cosme Gning Abdallah","98091810","Chrysostome","Abdallah","Teplice","Male"
"Daniel Cosme Thiandoum Abdou","5021528","Chrysostome","","",""
"Daniel Cosme Sarr Abdou Ndie","1091605","Chrysostome","","",""
"Conte Abdoulaye Defo","5051810","Bartonicek","Abdoulaye","Dukla","Unknown"
"Daniel Cosme Ba Abdourahmane","6011631","Chrysostome","Abdourahmane","Motorlet","Unknown"
"Helal Abdulla Yusuf","93062545","Kolar","Abdulla","Bohemians","Male"
"Bewene Abdullahi Ibrahim","4111473","Simek","Abdullahi","Kromeriz","Unknown"
"Musa Abdulrasheed Itopa","1111488","Smejkal","","Velvary","Unknown"
"Traore Aboubacar","4081690","Simek","","",""
"Onuoha Abuchi","4011625","Simek","Abuchi","Slovacko","Unknown"
"Hlozek Adam","2070935","Paska","","",""
"Sejkora Adam","6050708","Muller","Adam","Bohemians","Male"
"Dvorak Adam","4070550","Martinovic","Adam","Motorlet","Male"
"Vais Adam","4020587","Rehak","Adam","Admira","Male"
"Kadlec Adam","3070154","Kisel","Adam","Bohemians","Male"
"Rychly Adam","98091279","Hrdlicka","","",""
"Podrazil Adam","6070469","Rehak","Adam","Liberec","Male"
"Fila Adam","99080735","Hrdlicka","Adam","Rosice","Male"
"Bocek Adam","4030127","Nehoda","","",""
"Stybr Adam","7030206","Nehoda","","",""
"Albrecht Adam","7030511","Fukan","Adam","Svratka Brno","Male"
"Jakubkovic Adam","7060159","Riha","Adam","Zbrojovka","Male"
"Gorcica Adam","1051072","Chovanec","Adam","Frydek","Male"
"Pudil Adam","5040081","Smejkal","Adam","Vlasim","Male"
"Kotoun Adam","6070545","Hrdlicka","Adam","BOHUNICE","Male"
"Simon Adam","5040067","Nehoda","Adam","Pardubice","Male"
"Valenta Adam","8040233","Hrdlicka","Adam","Zbrojovka","Male"
"Konig Adam","3090149","Rehak","Adam","Boleslav","Male"
"Toula Adam","2020395","Paska","Adam","Zizkov","Male"
"Vlkanova Adam","94090209","Konig","Adam","Hradec","Male"
"Gabriel Adam","1051154","Paska","","",""
"Proniuk Adam","5020262","Kolar","Adam","Olomouc","Male"
"Novak Adam","8060555","Muller","Adam","Plzen","Male"
"Paar Adam","8040041","Muller","Adam","Slavia","Male"
"Sosna Adam","7010192","Kolar","","",""
"Karabec Adam","3070036","Paska","","",""
"Borkovec Adam","2030055","Smejkal","Adam","Chrudim","Male"
"Zouhar Adam","7011155","Smejkal","Adam","Sparta","Male"
"Urica Adam","5070031","Paska","Adam","Olomouc","Male"
"Stepanek Adam","8060171","Paska","","",""
"Chab Adam","9010273","Paska","Adam","Budejovice","Male"
"Vodicka Adam","7050068","Matejek","Adam","Banik","Male"
"Vlcek Adam","7030547","Paska","Adam","Budejovice","Male"
"Stejskal Adam","2031059","Kolar","","",""
"Zadrazil Adam","80254","Chovanec","Adam","Hradec","Male"
"Bednar Adam","1061051","Matejek","Adam","Olomouc","Male"
"Kubes Adam","9030073","Paska","Adam","Olomouc","Male"